image_id,label_idx,label_name,pred_idx,pred_name,method,insertion_auc,deletion_auc,faithfulness
ADI-TCGA-CDAKCGRC.tif,0,ADI,0,ADI,gradcam,0.8832446534959308,0.9569215847713348,-0.07367693127540398
ADI-TCGA-KIMGQMMV.tif,0,ADI,0,ADI,gradcam,0.723719273313909,0.829399275220785,-0.1056800019068761
ADI-TCGA-DMARMGYG.tif,0,ADI,0,ADI,gradcam,0.9131487408297834,0.9688014657165331,-0.05565272488674977
ADI-TCGA-IINMMNWI.tif,0,ADI,0,ADI,gradcam,0.9707516682628922,0.9574425210359914,0.013309147226900797
ADI-TCGA-EDSHLVGP.tif,0,ADI,0,ADI,gradcam,0.9522307193682353,0.9662011038626952,-0.013970384494459864
ADI-TCGA-GKLWYTMF.tif,0,ADI,0,ADI,gradcam,0.9492575856803159,0.9567847070212884,-0.0075271213409724425
ADI-TCGA-HWPKGLLD.tif,0,ADI,0,ADI,gradcam,0.9671549285673245,0.9670975109304709,5.741763685362944e-05
ADI-TCGA-GPCDEESK.tif,0,ADI,0,ADI,gradcam,0.9690309103975596,0.9488985134508403,0.02013239694671931
ADI-TCGA-WKESVTRS.tif,0,ADI,0,ADI,gradcam,0.9685694305793732,0.9464945561320929,0.02207487444728029
ADI-TCGA-KGWISITI.tif,0,ADI,0,ADI,gradcam,0.9742646311460704,0.9512260669584794,0.023038564187590982
ADI-TCGA-FGDYWLNA.tif,0,ADI,0,ADI,gradcam,0.9717323542576922,0.9689759903795492,0.002756363878143042
ADI-TCGA-CQLFLFQF.tif,0,ADI,0,ADI,gradcam,0.8670621151858359,0.9664135479669493,-0.09935143278111347
ADI-TCGA-ALLCGEAG.tif,0,ADI,0,ADI,gradcam,0.9405752826796379,0.9130262690524978,0.027549013627140018
ADI-TCGA-VCATHNMW.tif,0,ADI,0,ADI,gradcam,0.9598004506353754,0.9683035995879617,-0.008503148952586304
ADI-TCGA-SPVPYAHD.tif,0,ADI,0,ADI,gradcam,0.9690126493311255,0.9737228667105956,-0.004710217379470083
ADI-TCGA-QKGCVNPI.tif,0,ADI,0,ADI,gradcam,0.9561646913898586,0.9671824270974322,-0.011017735707573584
ADI-TCGA-RRFVVHVV.tif,0,ADI,0,ADI,gradcam,0.9546942668972768,0.96788504271055,-0.013190775813273214
ADI-TCGA-HSYWIFQE.tif,0,ADI,0,ADI,gradcam,0.9797889486787607,0.9696006716902775,0.010188276988483125
ADI-TCGA-YQLMLGPQ.tif,0,ADI,0,ADI,gradcam,0.9350322911090916,0.9690815811719221,-0.03404929006283053
ADI-TCGA-EKGIPQEQ.tif,0,ADI,0,ADI,gradcam,0.9702219429357501,0.9490336838852091,0.021188259050541003
ADI-TCGA-GIVHEYVM.tif,0,ADI,0,ADI,gradcam,0.9629690289576684,0.9676227223429306,-0.004653693385262114
ADI-TCGA-FWYSDVRT.tif,0,ADI,0,ADI,gradcam,0.9173729070500849,0.9818128880228323,-0.06443998097274739
ADI-TCGA-HWNCGYQE.tif,0,ADI,0,ADI,gradcam,0.962088008923456,0.96952068791943,-0.007432678995973996
ADI-TCGA-NSSGRKTF.tif,0,ADI,0,ADI,gradcam,0.9686429184865847,0.9508573157897626,0.017785602696822056
ADI-TCGA-TYVEINHA.tif,0,ADI,0,ADI,gradcam,0.9709607582200989,0.9692358095500094,0.0017249486700894323
ADI-TCGA-NFGCDRTW.tif,0,ADI,0,ADI,gradcam,0.9794101019824302,0.9761281182731908,0.0032819837092393778
ADI-TCGA-HKEEYTAC.tif,0,ADI,0,ADI,gradcam,0.9682446299972071,0.9687698251077381,-0.0005251951105310626
ADI-TCGA-KWPFSIVG.tif,0,ADI,0,ADI,gradcam,0.9586808869464585,0.9668741590458376,-0.008193272099379145
ADI-TCGA-FNDICFPT.tif,0,ADI,0,ADI,gradcam,0.9728203937504442,0.963111927818827,0.009708465931617116
ADI-TCGA-NLRTACEF.tif,0,ADI,0,ADI,gradcam,0.9629057077978359,0.7927496500125564,0.17015605778527954
ADI-TCGA-CQIWCVFN.tif,0,ADI,0,ADI,gradcam,0.9602272183944296,0.9681338262486678,-0.007906607854238246
ADI-TCGA-TIIWPMEV.tif,0,ADI,0,ADI,gradcam,0.9717812313215108,0.9282544560612586,0.04352677526025228
ADI-TCGA-ECCCPIIQ.tif,0,ADI,0,ADI,gradcam,0.9213539556705654,0.9722180851663871,-0.05086412949582164
ADI-TCGA-NCLPTEHA.tif,0,ADI,0,ADI,gradcam,0.9535313180987577,0.3164569975550694,0.6370743205436883
ADI-TCGA-WHLMWLMY.tif,0,ADI,0,ADI,gradcam,0.9347095250851999,0.9727052381004613,-0.03799571301526139
ADI-TCGA-KDFCMSSW.tif,0,ADI,0,ADI,gradcam,0.950940337544307,0.9433175670656784,0.007622770478628582
ADI-TCGA-CTMHNCGF.tif,0,ADI,0,ADI,gradcam,0.9688280354529707,0.9505022186248971,0.01832581682807355
ADI-TCGA-CWEYLQIG.tif,0,ADI,0,ADI,gradcam,0.9727489183245052,0.9566765715296789,0.016072346794826275
ADI-TCGA-IMSLHTKV.tif,0,ADI,0,ADI,gradcam,0.9593837501414236,0.9660950474742277,-0.006711297332804067
ADI-TCGA-WDVYVGRP.tif,0,ADI,0,ADI,gradcam,0.9712745743161941,0.9689652646354806,0.0023093096807135227
ADI-TCGA-DFGTTFYR.tif,0,ADI,0,ADI,gradcam,0.9691102967287589,0.951276128298923,0.017834168429835873
ADI-TCGA-HTCGCHQM.tif,0,ADI,0,ADI,gradcam,0.949576341535576,0.9502327119487747,-0.0006563704131986592
ADI-TCGA-KRYNMWGT.tif,0,ADI,0,ADI,gradcam,0.9821505726835312,0.9851987537111564,-0.003048181027625163
ADI-TCGA-KNVQACML.tif,0,ADI,0,ADI,gradcam,0.9695711612497689,0.9763776549066824,-0.006806493656913437
ADI-TCGA-QFEWYLAR.tif,0,ADI,0,ADI,gradcam,0.9697224422745057,0.8671617256964964,0.10256071657800925
ADI-TCGA-LGSEAKTN.tif,0,ADI,0,ADI,gradcam,0.9310712559201783,0.2217337674314331,0.7093374884887451
ADI-TCGA-EIIVADWP.tif,0,ADI,0,ADI,gradcam,0.7917394688673084,0.9031879252845829,-0.11144845641727452
ADI-TCGA-LHWSPAAH.tif,0,ADI,0,ADI,gradcam,0.9698097620275073,0.967086271915905,0.0027234901116023336
ADI-TCGA-NHCYMFVP.tif,0,ADI,0,ADI,gradcam,0.9736257210940676,0.9647641664113326,0.008861554682735084
ADI-TCGA-KLSCVGHC.tif,0,ADI,0,ADI,gradcam,0.9345983819186222,0.9227364732067508,0.011861908711871427
BACK-TCGA-ECSSYIMF.tif,1,BACK,1,BACK,gradcam,0.9995885306596756,0.9994326716661454,0.00015585899353021127
BACK-TCGA-TANSPCFL.tif,1,BACK,1,BACK,gradcam,0.9993991219997406,0.9992894357442856,0.00010968625545493271
BACK-TCGA-AEETAART.tif,1,BACK,1,BACK,gradcam,0.9992908620834351,0.9992599433660507,3.0918717384365024e-05
BACK-TCGA-WDMRMFAQ.tif,1,BACK,1,BACK,gradcam,0.9994754534959792,0.9992948788404465,0.0001805746555326726
BACK-TCGA-HMTCTFAL.tif,1,BACK,1,BACK,gradcam,0.9995982706546784,0.9994687110185624,0.00012955963611605004
BACK-TCGA-WLIGWSTD.tif,1,BACK,1,BACK,gradcam,0.9996093904972077,0.9994497501850128,0.00015964031219484198
BACK-TCGA-ECTFLQLS.tif,1,BACK,1,BACK,gradcam,0.9996458476781844,0.9994620722532273,0.0001837754249571777
BACK-TCGA-TTSCPIWT.tif,1,BACK,1,BACK,gradcam,0.9994208449125291,0.9992414462566376,0.00017939865589156057
BACK-TCGA-VHNPRSYD.tif,1,BACK,1,BACK,gradcam,0.9995416361093521,0.9993888425827026,0.0001527935266495417
BACK-TCGA-PQEAGFNM.tif,1,BACK,1,BACK,gradcam,0.9995971870422363,0.9994823825359346,0.00011480450630174666
BACK-TCGA-VWAVRTPS.tif,1,BACK,1,BACK,gradcam,0.9994541484117508,0.9993648302555084,8.93181562424683e-05
BACK-TCGA-VTFWWCFV.tif,1,BACK,1,BACK,gradcam,0.9985766512155533,0.9976963341236114,0.0008803170919419179
BACK-TCGA-DTIKYNDW.tif,1,BACK,1,BACK,gradcam,0.9994742995500565,0.9993031275272368,0.0001711720228196878
BACK-TCGA-WHIGFHSI.tif,1,BACK,1,BACK,gradcam,0.9992268979549409,0.9992942279577254,-6.733000278447143e-05
BACK-TCGA-EQFFYVAW.tif,1,BACK,1,BACK,gradcam,0.9995107787847518,0.9993870311975479,0.000123747587203904
BACK-TCGA-QTQNHMQD.tif,1,BACK,1,BACK,gradcam,0.9994792550802232,0.9993904966115951,8.875846862810288e-05
BACK-TCGA-DECDPEMN.tif,1,BACK,1,BACK,gradcam,0.9995567780733109,0.9994854229688644,7.135510444644666e-05
BACK-TCGA-VHMVPIQN.tif,1,BACK,1,BACK,gradcam,0.9996142196655274,0.9994577646255492,0.00015645503997818722
BACK-TCGA-RYNYGKII.tif,1,BACK,1,BACK,gradcam,0.9993539327383041,0.9978501003980637,0.0015038323402404297
BACK-TCGA-CNGCTKDL.tif,1,BACK,1,BACK,gradcam,0.9995634078979493,0.9994443935155869,0.00011901438236239237
BACK-TCGA-ITSELAAT.tif,1,BACK,1,BACK,gradcam,0.9995450848340989,0.9993195086717606,0.00022557616233831457
BACK-TCGA-QNLIQAYY.tif,1,BACK,1,BACK,gradcam,0.9994386398792268,0.9992758005857467,0.00016283929348004378
BACK-TCGA-KDYEFEEW.tif,1,BACK,1,BACK,gradcam,0.9996216666698455,0.9994623184204101,0.00015934824943542036
BACK-TCGA-WFLSMRTT.tif,1,BACK,1,BACK,gradcam,0.9996041828393937,0.9995035910606385,0.00010059177875521019
BACK-TCGA-VFMEVVGM.tif,1,BACK,1,BACK,gradcam,0.9995541065931319,0.9994190937280655,0.00013501286506645283
BACK-TCGA-AYIAKTGW.tif,1,BACK,1,BACK,gradcam,0.9994583880901337,0.9992829817533493,0.00017540633678436723
BACK-TCGA-VHFVLEPM.tif,1,BACK,1,BACK,gradcam,0.9995577704906464,0.999467089176178,9.068131446843264e-05
BACK-TCGA-WYDSVENV.tif,1,BACK,1,BACK,gradcam,0.9994712543487548,0.9994229876995087,4.826664924617585e-05
BACK-TCGA-WDIPVDVA.tif,1,BACK,1,BACK,gradcam,0.9981876623630523,0.9985640203952789,-0.0003763580322265758
BACK-TCGA-EHPLYIFA.tif,1,BACK,1,BACK,gradcam,0.9994647032022476,0.9993578237295151,0.00010687947273246845
BACK-TCGA-PEDFFTKM.tif,1,BACK,1,BACK,gradcam,0.9994367879629135,0.9993204891681672,0.00011629879474628346
BACK-TCGA-NPHQWWDN.tif,1,BACK,1,BACK,gradcam,0.9995553213357926,0.9994531339406968,0.00010218739509582075
BACK-TCGA-MKSWFESA.tif,1,BACK,1,BACK,gradcam,0.9994769877195357,0.9994363647699356,4.0622949600166436e-05
BACK-TCGA-PQKPAMIE.tif,1,BACK,1,BACK,gradcam,0.9995839530229568,0.9994069528579711,0.0001770001649856745
BACK-TCGA-YPRSENEM.tif,1,BACK,1,BACK,gradcam,0.999368131160736,0.9991517382860184,0.00021639287471753033
BACK-TCGA-QTVHGVCL.tif,1,BACK,1,BACK,gradcam,0.9994960010051728,0.9992522871494294,0.00024371385574339932
BACK-TCGA-PWKFIMGI.tif,1,BACK,1,BACK,gradcam,0.99959916472435,0.9994068187475205,0.00019234597682948884
BACK-TCGA-WWHEHCLT.tif,1,BACK,1,BACK,gradcam,0.9995970553159713,0.9994735628366469,0.00012349247932441632
BACK-TCGA-QENFEQCV.tif,1,BACK,1,BACK,gradcam,0.9995232915878296,0.9994152802228928,0.00010801136493676644
BACK-TCGA-YFRVMWKV.tif,1,BACK,1,BACK,gradcam,0.999498191475868,0.9994642615318299,3.392994403816907e-05
BACK-TCGA-LKTAGMGL.tif,1,BACK,1,BACK,gradcam,0.9995308458805086,0.9994122564792632,0.00011858940124531703
BACK-TCGA-RHNFEVDH.tif,1,BACK,1,BACK,gradcam,0.9995340430736542,0.9993727242946625,0.00016131877899172586
BACK-TCGA-IQCDRPFN.tif,1,BACK,1,BACK,gradcam,0.9996159708499909,0.9994372284412385,0.0001787424087523748
BACK-TCGA-METGFRPA.tif,1,BACK,1,BACK,gradcam,0.9995521694421768,0.9993627738952637,0.000189395546913107
BACK-TCGA-MDAASAMI.tif,1,BACK,1,BACK,gradcam,0.9995082563161849,0.9994569498300551,5.1306486129831796e-05
BACK-TCGA-KSWRICDV.tif,1,BACK,1,BACK,gradcam,0.9995284903049471,0.9993801242113113,0.00014836609363577669
BACK-TCGA-GTNNVGQL.tif,1,BACK,1,BACK,gradcam,0.999343501329422,0.9993493664264679,-5.865097045920642e-06
BACK-TCGA-YGDQCPRI.tif,1,BACK,1,BACK,gradcam,0.9992489576339723,0.9993270260095597,-7.806837558743673e-05
BACK-TCGA-MFYYAIRV.tif,1,BACK,1,BACK,gradcam,0.9996412736177445,0.9994528526067733,0.0001884210109711626
BACK-TCGA-DWPQLIHS.tif,1,BACK,1,BACK,gradcam,0.999578595161438,0.9994484680891037,0.0001301270723342851
DEB-TCGA-MMLLDPHW.tif,2,DEB,2,DEB,gradcam,0.9447479881827894,0.8940060350333079,0.05074195314948149
DEB-TCGA-QLTMSPSI.tif,2,DEB,2,DEB,gradcam,0.945442165604909,0.9537610794835927,-0.008318913878683665
DEB-TCGA-MWHCQCKF.tif,2,DEB,2,DEB,gradcam,0.9618578284577597,0.9518183530924581,0.010039475365301587
DEB-TCGA-CPQTPDEC.tif,2,DEB,2,DEB,gradcam,0.9437153506530375,0.9427524084096512,0.0009629422433862223
DEB-TCGA-VFLRIKDV.tif,2,DEB,2,DEB,gradcam,0.8510853854754532,0.7706724431784095,0.08041294229704365
DEB-TCGA-LVHEMHRE.tif,2,DEB,2,DEB,gradcam,0.9421935629316431,0.95981454685294,-0.01762098392129685
DEB-TCGA-VWNDTFIA.tif,2,DEB,2,DEB,gradcam,0.9538112875627484,0.9068825533304335,0.046928734232314806
DEB-TCGA-GVKLFYRV.tif,2,DEB,2,DEB,gradcam,0.9417635193836758,0.9643968681559636,-0.022633348772287842
DEB-TCGA-QFDYQTPI.tif,2,DEB,2,DEB,gradcam,0.9473197259193329,0.9483918149553211,-0.0010720890359882107
DEB-TCGA-EKYADFPP.tif,2,DEB,2,DEB,gradcam,0.8927147810059249,0.904484066924706,-0.011769285918781014
DEB-TCGA-ADCHTGEE.tif,2,DEB,2,DEB,gradcam,0.9459717188594368,0.9577948890189145,-0.011823170159477758
DEB-TCGA-ETLRKKNE.tif,2,DEB,2,DEB,gradcam,0.9476583488070174,0.9650419452669301,-0.01738359645991272
DEB-TCGA-VGHTSEKY.tif,2,DEB,2,DEB,gradcam,0.9309986670925718,0.9632521542539326,-0.03225348716136078
DEB-TCGA-EVPNFEFY.tif,2,DEB,2,DEB,gradcam,0.9597006925550523,0.9413570952708687,0.018343597284183555
DEB-TCGA-KIWNQWTR.tif,2,DEB,2,DEB,gradcam,0.9155921747803223,0.9581731156619935,-0.04258094088167119
DEB-TCGA-KGFWTCDW.tif,2,DEB,2,DEB,gradcam,0.9651117958704709,0.8959187158114945,0.0691930800589764
DEB-TCGA-TPSQQFMK.tif,2,DEB,2,DEB,gradcam,0.9506367830799719,0.9561417963864368,-0.005505013306464912
DEB-TCGA-FGNDPKST.tif,2,DEB,2,DEB,gradcam,0.9220661194335844,0.9358645644678472,-0.013798445034262752
DEB-TCGA-KYDSQECN.tif,2,DEB,2,DEB,gradcam,0.9320795907310093,0.9495254987739463,-0.017445908042936997
DEB-TCGA-QFFCWDDE.tif,2,DEB,2,DEB,gradcam,0.7983079449593787,0.9290630745735688,-0.1307551296141901
DEB-TCGA-DCCLEIRG.tif,2,DEB,2,DEB,gradcam,0.9455499442781731,0.959161736512251,-0.013611792234077935
DEB-TCGA-VSAEWGAK.tif,2,DEB,2,DEB,gradcam,0.9515117733874284,0.9653897239197249,-0.013877950532296457
DEB-TCGA-KPCEEVYY.tif,2,DEB,2,DEB,gradcam,0.959063420664861,0.953010329686731,0.006053090978130005
DEB-TCGA-NWGSDFSY.tif,2,DEB,2,DEB,gradcam,0.9584923423586225,0.9532717741233501,0.005220568235272394
DEB-TCGA-IIKMVKEH.tif,2,DEB,2,DEB,gradcam,0.9394612724648322,0.943555560515888,-0.004094288051055717
DEB-TCGA-MLCATRTR.tif,2,DEB,2,DEB,gradcam,0.932896165310085,0.9581144694412796,-0.025218304131194635
DEB-TCGA-HKPQTFQH.tif,2,DEB,2,DEB,gradcam,0.962521600570617,0.9462968853924395,0.016224715178177473
DEB-TCGA-ARIHITHS.tif,2,DEB,2,DEB,gradcam,0.8648224647075404,0.8983578948745707,-0.03353543016703031
DEB-TCGA-MTGQYMMI.tif,2,DEB,2,DEB,gradcam,0.947006093621494,0.9501964645995031,-0.003190370978009116
DEB-TCGA-SGCCFAAG.tif,2,DEB,2,DEB,gradcam,0.9301387407051516,0.9560786965925219,-0.025939955887370303
DEB-TCGA-TTSEDLPG.tif,2,DEB,2,DEB,gradcam,0.9621329259500635,0.9466281171410084,0.015504808809055137
DEB-TCGA-RNNKNWPR.tif,2,DEB,2,DEB,gradcam,0.9299314938453608,0.9477193886954774,-0.01778789485011667
DEB-TCGA-THPVTKFS.tif,2,DEB,2,DEB,gradcam,0.9379519384375454,0.9638016256794072,-0.025849687241861763
DEB-TCGA-QCQAALNM.tif,2,DEB,2,DEB,gradcam,0.9629582705818756,0.9427854322152416,0.02017283836663397
DEB-TCGA-CQFNDHFK.tif,2,DEB,2,DEB,gradcam,0.9603959471279814,0.9524746337497345,0.007921313378246864
DEB-TCGA-HMPTHRQC.tif,2,DEB,2,DEB,gradcam,0.9282365696221314,0.9466997573279513,-0.018463187705819895
DEB-TCGA-YNNNDMCN.tif,2,DEB,2,DEB,gradcam,0.9403051280807267,0.9632836120580759,-0.02297848397734914
DEB-TCGA-NGHYSHVI.tif,2,DEB,2,DEB,gradcam,0.9365203534295142,0.9639540794485221,-0.027433726019007842
DEB-TCGA-SVKLYYNR.tif,2,DEB,2,DEB,gradcam,0.9356658900813636,0.9568020892075583,-0.021136199126194688
DEB-TCGA-GLNMKPRC.tif,2,DEB,2,DEB,gradcam,0.9447357021539938,0.9551143813158706,-0.010378679161876736
DEB-TCGA-QYVKKHNC.tif,2,DEB,2,DEB,gradcam,0.9503173813394823,0.9620937573606352,-0.01177637602115289
DEB-TCGA-KGKECHYC.tif,2,DEB,2,DEB,gradcam,0.9669121814136815,0.9501659071374888,0.016746274276192685
DEB-TCGA-YLHQSFMR.tif,2,DEB,2,DEB,gradcam,0.9603960358001495,0.9487718288879113,0.0116242069122382
DEB-TCGA-ERQIPLTL.tif,2,DEB,2,DEB,gradcam,0.9408759206348623,0.9438608162069432,-0.0029848955720809256
DEB-TCGA-TSWYKMMA.tif,2,DEB,2,DEB,gradcam,0.9489732721995097,0.9454145104760392,0.0035587617234704716
DEB-TCGA-PDVIADPM.tif,2,DEB,2,DEB,gradcam,0.9387315230994137,0.9602932596549362,-0.021561736555522515
DEB-TCGA-SVKCTEQN.tif,2,DEB,2,DEB,gradcam,0.962966371488219,0.9495031013053813,0.013463270182837661
DEB-TCGA-ELQCHHTQ.tif,2,DEB,2,DEB,gradcam,0.9397108509551618,0.9463226715934433,-0.006611820638281474
DEB-TCGA-STVTTPYC.tif,2,DEB,2,DEB,gradcam,0.9657935759427346,0.947210819559332,0.018582756383402677
DEB-TCGA-VYGFGPNQ.tif,2,DEB,2,DEB,gradcam,0.9608539537002799,0.9640684711062203,-0.0032145174059403647
LYM-TCGA-GPERNIIR.tif,3,LYM,3,LYM,gradcam,0.9748671625473798,0.9603316898535559,0.014535472693823936
LYM-TCGA-WENPQGHN.tif,3,LYM,3,LYM,gradcam,0.958598785847098,0.9299988172898157,0.028599968557282307
LYM-TCGA-MDKEPPHR.tif,3,LYM,3,LYM,gradcam,0.9672172922473329,0.9657826777188893,0.001434614528443623
LYM-TCGA-YPLNWVSA.tif,3,LYM,3,LYM,gradcam,0.7080475942921112,0.7392441151252569,-0.031196520833145724
LYM-TCGA-MEYWEMSM.tif,3,LYM,3,LYM,gradcam,0.9488352339869379,0.9567308175548533,-0.00789558356791542
LYM-TCGA-GYIGSKGC.tif,3,LYM,3,LYM,gradcam,0.9579375789319238,0.9581436417318036,-0.00020606279987978038
LYM-TCGA-VQMLRMII.tif,3,LYM,3,LYM,gradcam,0.9442259950840161,0.9268513768826234,0.017374618201392633
LYM-TCGA-VCQVVCGD.tif,3,LYM,3,LYM,gradcam,0.934160963464492,0.7886647650968371,0.14549619836765482
LYM-TCGA-FAYGMAMF.tif,3,LYM,3,LYM,gradcam,0.9018908931837357,0.8765974621709756,0.02529343101276016
LYM-TCGA-YHCYQQSA.tif,3,LYM,3,LYM,gradcam,0.9747195860600915,0.9658950843437196,0.008824501716371835
LYM-TCGA-LEGFSVRN.tif,3,LYM,3,LYM,gradcam,0.953194024074146,0.9568251903412602,-0.0036311662671142386
LYM-TCGA-CAEDDRKH.tif,3,LYM,3,LYM,gradcam,0.9650682784791933,0.9509786180507944,0.014089660428398876
LYM-TCGA-PTVGMTDR.tif,3,LYM,3,LYM,gradcam,0.8948878664881341,0.8972571348034398,-0.002369268315305706
LYM-TCGA-FDVFNDMG.tif,3,LYM,3,LYM,gradcam,0.6899360058968158,0.8999916163979652,-0.2100556105011494
LYM-TCGA-EIVFDCRI.tif,3,LYM,3,LYM,gradcam,0.9666477675715214,0.963959020789116,0.0026887467824053823
LYM-TCGA-NPKSQRGE.tif,3,LYM,3,LYM,gradcam,0.9596791249094166,0.9456337747113867,0.014045350198029993
LYM-TCGA-FFHIGWEN.tif,3,LYM,3,LYM,gradcam,0.9221168832366676,0.8821617375089409,0.03995514572772674
LYM-TCGA-TNKVARYG.tif,3,LYM,3,LYM,gradcam,0.9371868971590449,0.8376137421765453,0.09957315498249963
LYM-TCGA-RWTLLGVQ.tif,3,LYM,3,LYM,gradcam,0.9435672592099218,0.9646441233014775,-0.021076864091555736
LYM-TCGA-EHWAHNSP.tif,3,LYM,3,LYM,gradcam,0.9324621441371347,0.7958553245066288,0.13660681963050592
LYM-TCGA-RYKCAWFN.tif,3,LYM,3,LYM,gradcam,0.9780306837170246,0.9625386811195494,0.015492002597475185
LYM-TCGA-REYYSFEH.tif,3,LYM,3,LYM,gradcam,0.9824423468022725,0.9667818010001066,0.015660545802165915
LYM-TCGA-CVRKSHAG.tif,3,LYM,3,LYM,gradcam,0.9018537086331343,0.7839839098284574,0.11786979880467685
LYM-TCGA-CQILCVMC.tif,3,LYM,3,LYM,gradcam,0.9354024659068091,0.9097449426337698,0.025657523273039273
LYM-TCGA-AMFHCKKC.tif,3,LYM,3,LYM,gradcam,0.9638763046882377,0.9530518682600086,0.010824436428229056
LYM-TCGA-SLWLMKTY.tif,3,LYM,3,LYM,gradcam,0.6635637156964913,0.8323223216979386,-0.16875860600144732
LYM-TCGA-IECEKRQE.tif,3,LYM,3,LYM,gradcam,0.9304058099345457,0.9650553310228133,-0.034649521088267576
LYM-TCGA-EHRWEIFM.tif,3,LYM,3,LYM,gradcam,0.9645714872986718,0.9359979374767136,0.028573549821958255
LYM-TCGA-SFQDGLFR.tif,3,LYM,3,LYM,gradcam,0.9782592415271391,0.9328500837794126,0.04540915774772647
LYM-TCGA-EMDVYITM.tif,3,LYM,3,LYM,gradcam,0.9298842095631699,0.9608278503020846,-0.030943640738914757
LYM-TCGA-TAIHSRSC.tif,3,LYM,3,LYM,gradcam,0.9404612044124223,0.9282479804343167,0.012213223978105647
LYM-TCGA-DYHFSCAG.tif,3,LYM,3,LYM,gradcam,0.9733588939648871,0.9500948329417588,0.02326406102312828
LYM-TCGA-CCWCKSFW.tif,3,LYM,3,LYM,gradcam,0.9730960471014443,0.9666109807191969,0.006485066382247329
LYM-TCGA-LQHWPNTT.tif,3,LYM,3,LYM,gradcam,0.9410153315442948,0.9439665060731203,-0.0029511745288254287
LYM-TCGA-EGMNVDSW.tif,3,LYM,3,LYM,gradcam,0.5699464214898944,0.8163177737648221,-0.24637135227492768
LYM-TCGA-DLGRFGMQ.tif,3,LYM,3,LYM,gradcam,0.9327715489297407,0.1809843136005656,0.751787235329175
LYM-TCGA-TRTYVPPV.tif,3,LYM,3,LYM,gradcam,0.9849285388456155,0.9654751947856131,0.01945334406000243
LYM-TCGA-QINHVGDY.tif,3,LYM,3,LYM,gradcam,0.9822750429675944,0.965131657436359,0.0171433855312354
LYM-TCGA-QFSNSIPW.tif,3,LYM,3,LYM,gradcam,0.9426520755252568,0.9060126309803309,0.03663944454492585
LYM-TCGA-HFMLRNTR.tif,3,LYM,3,LYM,gradcam,0.9099312970424217,0.7635936476449571,0.14633764939746463
LYM-TCGA-LADHSCGD.tif,3,LYM,3,LYM,gradcam,0.5047376137731044,0.7466970459612638,-0.2419594321881594
LYM-TCGA-WQLGMIGT.tif,3,LYM,3,LYM,gradcam,0.9478774395452274,0.9593709498698445,-0.011493510324617096
LYM-TCGA-MNSAYEVE.tif,3,LYM,3,LYM,gradcam,0.9737283291514723,0.9642626841886522,0.009465644962820097
LYM-TCGA-MFYIIRLF.tif,3,LYM,3,LYM,gradcam,0.9545232899050097,0.9520195992811206,0.00250369062388911
LYM-TCGA-AFIDYMYA.tif,3,LYM,3,LYM,gradcam,0.9509115637431752,0.9657848213714167,-0.014873257628241543
LYM-TCGA-CNVPMISH.tif,3,LYM,3,LYM,gradcam,0.8989932160384524,0.9147729561672168,-0.015779740128764375
LYM-TCGA-LLVPYGDW.tif,3,LYM,3,LYM,gradcam,0.9535378602426501,0.9619729627851483,-0.00843510254249824
LYM-TCGA-RALCCVKA.tif,3,LYM,3,LYM,gradcam,0.9634789413947875,0.9456807149681117,0.017798226426675834
LYM-TCGA-FQKCEPFL.tif,3,LYM,3,LYM,gradcam,0.9460800937732711,0.9623340100151108,-0.016253916241839694
LYM-TCGA-FWWTMGAG.tif,3,LYM,3,LYM,gradcam,0.9372727181004666,0.9164790253116372,0.020793692788829476
MUC-TCGA-TPWTCDWW.tif,4,MUC,4,MUC,gradcam,0.9824087440320182,0.9554835138134149,0.02692523021860327
MUC-TCGA-TVEFEGLW.tif,4,MUC,4,MUC,gradcam,0.8633335144690317,0.6021456493078221,0.2611878651612096
MUC-TCGA-CFQTHFME.tif,4,MUC,4,MUC,gradcam,0.8743856273331266,0.9474477636198935,-0.07306213628676683
MUC-TCGA-EAEVGGDD.tif,4,MUC,4,MUC,gradcam,0.9480994892131366,0.9444258622838607,0.003673626929275864
MUC-TCGA-TAYDCYET.tif,4,MUC,4,MUC,gradcam,0.9286467605198868,0.7908125996114177,0.13783416090846912
MUC-TCGA-KHTKNTIW.tif,4,MUC,4,MUC,gradcam,0.9054897759616687,0.9489025701025458,-0.043412794140877065
MUC-TCGA-KGGQINNF.tif,4,MUC,4,MUC,gradcam,0.8365772696478961,0.9416068961950441,-0.10502962654714798
MUC-TCGA-FYEPPFHG.tif,4,MUC,4,MUC,gradcam,0.9707951892787856,0.9490128405379438,0.02178234874084184
MUC-TCGA-VDNKPEAP.tif,4,MUC,4,MUC,gradcam,0.9332557152035634,0.8876764014845322,0.045579313719031234
MUC-TCGA-GARIDRVP.tif,4,MUC,4,MUC,gradcam,0.9360224103834843,0.8676087478934277,0.06841366249005665
MUC-TCGA-PKVWMWVA.tif,4,MUC,4,MUC,gradcam,0.9658335098648514,0.9295596459230365,0.036273863941814866
MUC-TCGA-APSRLDNM.tif,4,MUC,4,MUC,gradcam,0.9316992284349725,0.870618125196088,0.06108110323888449
MUC-TCGA-TKDDPPAE.tif,4,MUC,4,MUC,gradcam,0.9233119344284932,0.9507496578582868,-0.02743772342979356
MUC-TCGA-AGQSLACT.tif,4,MUC,4,MUC,gradcam,0.952949056110656,0.964179641134724,-0.01123058502406804
MUC-TCGA-CTVIMGGD.tif,4,MUC,4,MUC,gradcam,0.8974434664829232,0.9318049120625438,-0.03436144557962062
MUC-TCGA-IIPEIVQH.tif,4,MUC,0,ADI,gradcam,0.9199409268154704,0.5776947050656599,0.34224622174981045
MUC-TCGA-GPYYGLIP.tif,4,MUC,4,MUC,gradcam,0.8860485005570898,0.9229656633818011,-0.03691716282471125
MUC-TCGA-DVGVCNQH.tif,4,MUC,4,MUC,gradcam,0.9471485127970846,0.9677607528296721,-0.020612240032587548
MUC-TCGA-LLSGTRDM.tif,4,MUC,4,MUC,gradcam,0.8567934472657635,0.8482397307503924,0.008553716515371068
MUC-TCGA-IYCYYIHS.tif,4,MUC,4,MUC,gradcam,0.8649152407561587,0.861860788463564,0.0030544522925947115
MUC-TCGA-QEGGCIGN.tif,4,MUC,4,MUC,gradcam,0.9095095282172769,0.8969191598640828,0.012590368353194159
MUC-TCGA-LAEETDKF.tif,4,MUC,4,MUC,gradcam,0.9651824206962873,0.9512387532969662,0.01394366739932118
MUC-TCGA-PSTWYEMG.tif,4,MUC,4,MUC,gradcam,0.9713124459316985,0.9592397168594835,0.012072729072215016
MUC-TCGA-AQILEHRS.tif,4,MUC,4,MUC,gradcam,0.9699077087474506,0.948704436746375,0.021203272001075635
MUC-TCGA-TKMRLQLY.tif,4,MUC,4,MUC,gradcam,0.9686322540933042,0.9433324765961515,0.02529977749715273
MUC-TCGA-KMAVCNML.tif,4,MUC,4,MUC,gradcam,0.8751103698670363,0.900435635225913,-0.025325265358876692
MUC-TCGA-YIEELHID.tif,4,MUC,4,MUC,gradcam,0.9485190832291118,0.9525404864257507,-0.004021403196638906
MUC-TCGA-CTKYYMMS.tif,4,MUC,4,MUC,gradcam,0.7851338581662594,0.8952525081335989,-0.11011864996733955
MUC-TCGA-EIAFLKMW.tif,4,MUC,6,NORM,gradcam,0.0947870320150105,0.08532357424002839,0.009463457774982115
MUC-TCGA-FVHNNQNS.tif,4,MUC,4,MUC,gradcam,0.9675982863561376,0.8679564743709125,0.09964181198522515
MUC-TCGA-EKDIVSAY.tif,4,MUC,4,MUC,gradcam,0.9479411071468439,0.9674287147641372,-0.01948760761729329
MUC-TCGA-ESNGDQWS.tif,4,MUC,4,MUC,gradcam,0.9341018738213689,0.9485666126748037,-0.0144647388534348
MUC-TCGA-IWAHFEYD.tif,4,MUC,4,MUC,gradcam,0.962347778418216,0.9480144457512143,0.014333332667001653
MUC-TCGA-QGKQVNYQ.tif,4,MUC,4,MUC,gradcam,0.8087459449432981,0.8691400206230537,-0.06039407567975563
MUC-TCGA-WQMIHTLW.tif,4,MUC,4,MUC,gradcam,0.9674835631320273,0.9480048109266863,0.01947875220534101
MUC-TCGA-DMCEPHKY.tif,4,MUC,7,STR,gradcam,0.663131157515163,0.10914160458982224,0.5539895529253408
MUC-TCGA-EIHSVRCA.tif,4,MUC,4,MUC,gradcam,0.9681253104985171,0.9615231061003943,0.006602204398122868
MUC-TCGA-SPYQMREW.tif,4,MUC,4,MUC,gradcam,0.8654739871334051,0.9105257778241139,-0.04505179069070886
MUC-TCGA-WGVKHFEW.tif,4,MUC,4,MUC,gradcam,0.9650808388581004,0.89221934369667,0.07286149516143037
MUC-TCGA-ASSQDRRT.tif,4,MUC,4,MUC,gradcam,0.9238257364293214,0.9502686483679645,-0.02644291193864312
MUC-TCGA-WHLIQFPC.tif,4,MUC,4,MUC,gradcam,0.946193649755869,0.9314671665533751,0.014726483202493812
MUC-TCGA-VPKIRNRN.tif,4,MUC,4,MUC,gradcam,0.8331620866342428,0.8637937701821286,-0.030631683547885702
MUC-TCGA-VNDGLQTC.tif,4,MUC,4,MUC,gradcam,0.8851024887783432,0.8943084204559637,-0.009205931677620516
MUC-TCGA-CYVDDLGW.tif,4,MUC,4,MUC,gradcam,0.9107159865597577,0.9485106015671407,-0.037794615007383014
MUC-TCGA-PPPAPQHI.tif,4,MUC,4,MUC,gradcam,0.9669171029561493,0.9511179026171521,0.015799200338997177
MUC-TCGA-HHKQFPHS.tif,4,MUC,4,MUC,gradcam,0.9700596532141254,0.9087233571954495,0.06133629601867585
MUC-TCGA-WHPKNVCN.tif,4,MUC,4,MUC,gradcam,0.9191715346994807,0.9174194540756071,0.0017520806238735531
MUC-TCGA-NGWTSCMD.tif,4,MUC,4,MUC,gradcam,0.9862290073044779,0.954100408082777,0.03212859922170097
MUC-TCGA-WQFQHTLV.tif,4,MUC,4,MUC,gradcam,0.9759340284339987,0.9417304256921126,0.03420360274188605
MUC-TCGA-FDQESENE.tif,4,MUC,4,MUC,gradcam,0.8879142890368712,0.9391203969403068,-0.051206107903435605
MUS-TCGA-TWASVDWS.tif,5,MUS,5,MUS,gradcam,0.9763737854827197,0.9547156448476016,0.02165814063511806
MUS-TCGA-VWCFYYIP.tif,5,MUS,5,MUS,gradcam,0.8004193584807217,0.952185838613659,-0.15176648013293736
MUS-TCGA-AITPSCMD.tif,5,MUS,5,MUS,gradcam,0.9702307804767043,0.9693572998046875,0.0008734806720167576
MUS-TCGA-IQLKCIQQ.tif,5,MUS,5,MUS,gradcam,0.9823208693275228,0.8791347333043814,0.10318613602314142
MUS-TCGA-VICANANP.tif,5,MUS,5,MUS,gradcam,0.9337172698322685,0.8474810876091942,0.08623618222307439
MUS-TCGA-YRPPSWRY.tif,5,MUS,7,STR,gradcam,0.9415853117659571,0.8930277419119376,0.04855756985401949
MUS-TCGA-SADWWWSP.tif,5,MUS,5,MUS,gradcam,0.9692305946629494,0.96974388577044,-0.0005132911074906543
MUS-TCGA-YGPGYRRA.tif,5,MUS,5,MUS,gradcam,0.8452341199479997,0.8858484046533703,-0.04061428470537065
MUS-TCGA-SAIFFMVP.tif,5,MUS,5,MUS,gradcam,0.9694888492673636,0.9695388502441347,-5.0000976771102934e-05
MUS-TCGA-DYQYRQWG.tif,5,MUS,5,MUS,gradcam,0.9617417704313994,0.9479201977327466,0.013821572698652806
MUS-TCGA-MPAHDIPG.tif,5,MUS,5,MUS,gradcam,0.9651934979390353,0.9221903244499117,0.043003173489123636
MUS-TCGA-MVMQFIDL.tif,5,MUS,5,MUS,gradcam,0.9598996355757118,0.9691106019960717,-0.0092109664203599
MUS-TCGA-RYPQGNWT.tif,5,MUS,5,MUS,gradcam,0.9020986225921661,0.8622463822551071,0.03985224033705903
MUS-TCGA-WTAGRIER.tif,5,MUS,5,MUS,gradcam,0.8812895360589027,0.9406116880616173,-0.05932215200271462
MUS-TCGA-CKNFKCTG.tif,5,MUS,5,MUS,gradcam,0.8133259367197752,0.9333197058085352,-0.11999376908876003
MUS-TCGA-EVEDPQEM.tif,5,MUS,5,MUS,gradcam,0.9684061636868864,0.9687431268487124,-0.000336963161826076
MUS-TCGA-GFFRYAQE.tif,5,MUS,5,MUS,gradcam,0.6403984922636299,0.9251459900289775,-0.2847474977653476
MUS-TCGA-MAHTKSDH.tif,5,MUS,5,MUS,gradcam,0.9641595288645476,0.9634163801884279,0.000743148676119687
MUS-TCGA-MTFFSMGP.tif,5,MUS,7,STR,gradcam,0.09726973860655563,0.02835350373992697,0.06891623486662866
MUS-TCGA-PQDFIPQA.tif,5,MUS,5,MUS,gradcam,0.7556030764244497,0.9687705245800317,-0.21316744815558197
MUS-TCGA-RDRGIRWD.tif,5,MUS,5,MUS,gradcam,0.9633162182103843,0.971412240639329,-0.008096022428944694
MUS-TCGA-VFLEKDYI.tif,5,MUS,5,MUS,gradcam,0.975593041209504,0.8956016737222671,0.0799913674872369
MUS-TCGA-IDLKPGWF.tif,5,MUS,5,MUS,gradcam,0.9835489889234305,0.9523658394068479,0.03118314951658252
MUS-TCGA-CVHNDENM.tif,5,MUS,5,MUS,gradcam,0.9666945493500679,0.969918075017631,-0.0032235256675631208
MUS-TCGA-CDRVANIQ.tif,5,MUS,5,MUS,gradcam,0.9690055245440454,0.9692579768924042,-0.00025245234835880037
MUS-TCGA-RYQTQAQN.tif,5,MUS,5,MUS,gradcam,0.9684897182043642,0.9673368234001098,0.0011528948042544007
MUS-TCGA-NAQNPCMT.tif,5,MUS,5,MUS,gradcam,0.9694608034566045,0.9695272568054496,-6.645334884514131e-05
MUS-TCGA-RPGWRSLK.tif,5,MUS,5,MUS,gradcam,0.9702959968615323,0.968408868201077,0.0018871286604553728
MUS-TCGA-FKGMCEPS.tif,5,MUS,5,MUS,gradcam,0.9599251026380806,0.9636034720577299,-0.0036783694196492744
MUS-TCGA-PWMKKEIC.tif,5,MUS,5,MUS,gradcam,0.9549608965031803,0.9684598676115275,-0.01349897110834719
MUS-TCGA-IPLDCWQC.tif,5,MUS,5,MUS,gradcam,0.9694821186363696,0.9685019633593037,0.0009801552770658528
MUS-TCGA-WYCIASWS.tif,5,MUS,5,MUS,gradcam,0.9696751739364118,0.9699040459096432,-0.00022887197323140374
MUS-TCGA-YNYTKFEK.tif,5,MUS,5,MUS,gradcam,0.9676221250835806,0.9630760110914708,0.0045461139921098015
MUS-TCGA-NSCMTMLA.tif,5,MUS,5,MUS,gradcam,0.9750759539194406,0.9656801519542931,0.009395801965147443
MUS-TCGA-CGMHETLM.tif,5,MUS,5,MUS,gradcam,0.9680612756870688,0.9691276817489416,-0.0010664060618728044
MUS-TCGA-EQTPGRFV.tif,5,MUS,5,MUS,gradcam,0.9596463426481933,0.9694002514751627,-0.00975390882696947
MUS-TCGA-TYWKPQMP.tif,5,MUS,5,MUS,gradcam,0.9684533119015396,0.9690658065769822,-0.0006124946754425542
MUS-TCGA-LDQCDNAK.tif,5,MUS,5,MUS,gradcam,0.9696415851265193,0.9696660783747211,-2.449324820175125e-05
MUS-TCGA-WICFAIRL.tif,5,MUS,5,MUS,gradcam,0.9680118062999099,0.9691967841237783,-0.001184977823868394
MUS-TCGA-TPMMNNQG.tif,5,MUS,7,STR,gradcam,0.8282000644550135,0.8312689681287156,-0.0030689036737021613
MUS-TCGA-LMCMVCGQ.tif,5,MUS,5,MUS,gradcam,0.9367997690476476,0.9690969979204238,-0.032297228872776196
MUS-TCGA-TTKPGQMS.tif,5,MUS,5,MUS,gradcam,0.9692539815045894,0.9689107477571816,0.00034323374740785617
MUS-TCGA-VPKNDICV.tif,5,MUS,5,MUS,gradcam,0.949798820228316,0.9382133034244179,0.011585516803898077
MUS-TCGA-ESPNHDMY.tif,5,MUS,5,MUS,gradcam,0.9587868228554725,0.9698276171460749,-0.011040794290602451
MUS-TCGA-EWHKLKHM.tif,5,MUS,5,MUS,gradcam,0.969033693158999,0.9662497277650982,0.0027839653939008002
MUS-TCGA-CDYLSPFS.tif,5,MUS,7,STR,gradcam,0.6659590100380591,0.791155126664089,-0.12519611662602992
MUS-TCGA-QSQCNCSP.tif,5,MUS,5,MUS,gradcam,0.969747089408338,0.9694920072332025,0.00025508217513547926
MUS-TCGA-TPWQINHP.tif,5,MUS,5,MUS,gradcam,0.984372886782512,0.9695640601031482,0.014808826679363785
MUS-TCGA-HVRAQMTW.tif,5,MUS,5,MUS,gradcam,0.9673690310213715,0.9581172503577545,0.009251780663616982
MUS-TCGA-YFIDPPRV.tif,5,MUS,5,MUS,gradcam,0.7511198485828936,0.95779865719378,-0.2066788086108864
NORM-TCGA-PLRQIAFI.tif,6,NORM,6,NORM,gradcam,0.9071895851421868,0.9055117004000205,0.0016778847421663468
NORM-TCGA-KVFDAFDK.tif,6,NORM,6,NORM,gradcam,0.8985662884932025,0.9071009782127657,-0.008534689719563171
NORM-TCGA-IPDPGIQA.tif,6,NORM,6,NORM,gradcam,0.8426215652779138,0.9360438619492198,-0.09342229667130608
NORM-TCGA-VTKGTYID.tif,6,NORM,6,NORM,gradcam,0.9174789309705739,0.806180261838381,0.11129866913219288
NORM-TCGA-MVGIYFGS.tif,6,NORM,6,NORM,gradcam,0.9138562104837366,0.9142384281762498,-0.00038221769251323146
NORM-TCGA-TWIMSACM.tif,6,NORM,6,NORM,gradcam,0.7577497990937627,0.11080049309013704,0.6469493060036257
NORM-TCGA-IHVYFNCL.tif,6,NORM,6,NORM,gradcam,0.8623482267907548,0.8678476842896635,-0.0054994574989086775
NORM-TCGA-HWKKLNDE.tif,6,NORM,6,NORM,gradcam,0.8121741243700944,0.3636618296897359,0.44851229468035847
NORM-TCGA-KHARHKWK.tif,6,NORM,6,NORM,gradcam,0.8288696693284145,0.9309147786287213,-0.10204510930030675
NORM-TCGA-DWIIDRCQ.tif,6,NORM,6,NORM,gradcam,0.7954819038810091,0.6049038753247441,0.19057802855626504
NORM-TCGA-ISPLFPPA.tif,6,NORM,6,NORM,gradcam,0.6675627983468804,0.8684178827990399,-0.2008550844521595
NORM-TCGA-KEGTALKI.tif,6,NORM,6,NORM,gradcam,0.9377727722213602,0.8762035008388191,0.06156927138254109
NORM-TCGA-PKRYMWQY.tif,6,NORM,6,NORM,gradcam,0.3416072876998441,0.47288539342895086,-0.13127810572910675
NORM-TCGA-HLNNPTWP.tif,6,NORM,8,TUM,gradcam,0.9401540864320803,0.8590049380090385,0.08114914842304177
NORM-TCGA-ILPTAFNS.tif,6,NORM,6,NORM,gradcam,0.6843252049369403,0.7864490819101776,-0.10212387697323733
NORM-TCGA-RRSYYDEP.tif,6,NORM,6,NORM,gradcam,0.9280137485426622,0.9380852474256972,-0.010071498883035046
NORM-TCGA-FVIWEFEV.tif,6,NORM,6,NORM,gradcam,0.8641039397633903,0.7885156666675902,0.07558827309580007
NORM-TCGA-WNGKRAQE.tif,6,NORM,6,NORM,gradcam,0.902851790984132,0.9118515970379667,-0.008999806053834658
NORM-TCGA-KFTQQSLF.tif,6,NORM,6,NORM,gradcam,0.9255121482180585,0.9066576329300733,0.018854515287985207
NORM-TCGA-CTTTECMG.tif,6,NORM,6,NORM,gradcam,0.8448137148617387,0.7273443775178021,0.11746933734393661
NORM-TCGA-YAKLNQTA.tif,6,NORM,6,NORM,gradcam,0.9120142745004705,0.12662277385643392,0.7853915006440365
NORM-TCGA-SHSVDVAI.tif,6,NORM,6,NORM,gradcam,0.9275608133770948,0.9103609448982024,0.017199868478892433
NORM-TCGA-QKQWTTPR.tif,6,NORM,6,NORM,gradcam,0.7992277795941481,0.8858499534540897,-0.08662217385994153
NORM-TCGA-KFQFHIDC.tif,6,NORM,8,TUM,gradcam,0.9274775457648274,0.9339586515832526,-0.0064811058184252035
NORM-TCGA-ICPKPDWF.tif,6,NORM,6,NORM,gradcam,0.7953405834154182,0.8764618375649296,-0.08112125414951132
NORM-TCGA-IKGTVKIS.tif,6,NORM,6,NORM,gradcam,0.9225818125302885,0.8893703001885297,0.033211512341758787
NORM-TCGA-VKECGIRG.tif,6,NORM,6,NORM,gradcam,0.9280154427800517,0.8874046388870193,0.0406108038930324
NORM-TCGA-LQIRYNIC.tif,6,NORM,6,NORM,gradcam,0.9225082758640566,0.9370023369861157,-0.014494061122059088
NORM-TCGA-QGTAFAGS.tif,6,NORM,8,TUM,gradcam,0.5508011773289854,0.8715333957111762,-0.3207322183821908
NORM-TCGA-SCVLDTNQ.tif,6,NORM,6,NORM,gradcam,0.6603789841041362,0.8390466482386546,-0.1786676641345184
NORM-TCGA-PRHKLSGC.tif,6,NORM,8,TUM,gradcam,0.6618652485051597,0.8394673068102748,-0.1776020583051151
NORM-TCGA-EPIQVVLF.tif,6,NORM,6,NORM,gradcam,0.8537689756052351,0.7251788927133747,0.12859008289186047
NORM-TCGA-GEAKLCDE.tif,6,NORM,6,NORM,gradcam,0.7785088155448829,0.6005295444369404,0.17797927110794254
NORM-TCGA-IVEAWTWM.tif,6,NORM,6,NORM,gradcam,0.8284672463830791,0.7680598531636497,0.06040739321942945
NORM-TCGA-FEHYTHEC.tif,6,NORM,6,NORM,gradcam,0.9069453568462268,0.942395144038237,-0.035449787192010196
NORM-TCGA-RCCDCMAM.tif,6,NORM,6,NORM,gradcam,0.3273401614144313,0.8702569751798729,-0.5429168137654417
NORM-TCGA-VLATNHGQ.tif,6,NORM,6,NORM,gradcam,0.9020333268132162,0.9141376044341449,-0.012104277620928694
NORM-TCGA-PYFGVRLI.tif,6,NORM,6,NORM,gradcam,0.7652579635598522,0.6521113814721321,0.1131465820877201
NORM-TCGA-VKTFQNWI.tif,6,NORM,6,NORM,gradcam,0.8384851175986116,0.9447048422306398,-0.10621972463202822
NORM-TCGA-IVWHIEPL.tif,6,NORM,6,NORM,gradcam,0.894758984442451,0.7455463346823673,0.14921264976008375
NORM-TCGA-DLMTDMRN.tif,6,NORM,6,NORM,gradcam,0.9404729435753688,0.9445282502352348,-0.004055306659865976
NORM-TCGA-FFMGYRYT.tif,6,NORM,6,NORM,gradcam,0.6925755241479056,0.7730115809741983,-0.08043605682629273
NORM-TCGA-YGVFISFR.tif,6,NORM,6,NORM,gradcam,0.7006897933858091,0.6717452681270515,0.02894452525875757
NORM-TCGA-RPHNTLLN.tif,6,NORM,6,NORM,gradcam,0.2158978598576868,0.7926387367196003,-0.5767408768619134
NORM-TCGA-RQGAGQGW.tif,6,NORM,6,NORM,gradcam,0.7700778313992487,0.9150014044305864,-0.14492357303133774
NORM-TCGA-EDGIMLPM.tif,6,NORM,6,NORM,gradcam,0.9389799980278802,0.9473236229022587,-0.008343624874378452
NORM-TCGA-LMQLLCSS.tif,6,NORM,6,NORM,gradcam,0.8459688865775752,0.8882485025779898,-0.04227961600041463
NORM-TCGA-ICAGCHVP.tif,6,NORM,6,NORM,gradcam,0.15777752725200117,0.687439122735159,-0.5296615954831578
NORM-TCGA-NGRVWCHF.tif,6,NORM,6,NORM,gradcam,0.8509634329608161,0.4098043805541966,0.4411590524066195
NORM-TCGA-PPNYEQMC.tif,6,NORM,6,NORM,gradcam,0.8345974700376246,0.8863273374569689,-0.051729867419344266
STR-TCGA-PDTKGESN.tif,7,STR,7,STR,gradcam,0.9552380133255792,0.9546041883307043,0.0006338249948749652
STR-TCGA-MNSERRMK.tif,7,STR,7,STR,gradcam,0.9646313854903564,0.915032614012016,0.049598771478340464
STR-TCGA-FKEHNNYW.tif,7,STR,5,MUS,gradcam,0.9045208011008798,0.9373284473642707,-0.03280764626339083
STR-TCGA-NACIVLTE.tif,7,STR,7,STR,gradcam,0.9531587426827173,0.9524414493591757,0.0007172933235415346
STR-TCGA-ADIHSKPL.tif,7,STR,7,STR,gradcam,0.9620919428917114,0.9594234538683668,0.0026684890233446
STR-TCGA-AKIAMMIW.tif,7,STR,7,STR,gradcam,0.7888255317424773,0.6141422445402713,0.17468328720220594
STR-TCGA-CIKIQPSW.tif,7,STR,7,STR,gradcam,0.9580803109997942,0.9490008902736007,0.009079420726193499
STR-TCGA-NSWRAITI.tif,7,STR,7,STR,gradcam,0.9271412350418541,0.09005456207145471,0.8370866729703994
STR-TCGA-RNLEINVC.tif,7,STR,7,STR,gradcam,0.9443912942684256,0.9337859985412796,0.010605295727145969
STR-TCGA-CEQSKNMS.tif,7,STR,7,STR,gradcam,0.8870862062508968,0.8934284013748403,-0.006342195123943406
STR-TCGA-KKGLYATY.tif,7,STR,7,STR,gradcam,0.8923335937754018,0.6749264368010336,0.2174071569743682
STR-TCGA-MWATFSFP.tif,7,STR,7,STR,gradcam,0.5220344245489105,0.8922091856860789,-0.3701747611371684
STR-TCGA-IIKAEPRD.tif,7,STR,7,STR,gradcam,0.9650031892460538,0.9549827051593457,0.010020484086708081
STR-TCGA-MLASHQND.tif,7,STR,5,MUS,gradcam,0.969648832976818,0.9693387152627111,0.0003101177141069389
STR-TCGA-QQWIVEEY.tif,7,STR,7,STR,gradcam,0.9494771076018513,0.9445074761612342,0.004969631440617128
STR-TCGA-QRLSNGEF.tif,7,STR,7,STR,gradcam,0.9000612127692147,0.7887140203086892,0.11134719246052549
STR-TCGA-PFKVKWDW.tif,7,STR,7,STR,gradcam,0.9559608416701667,0.9621659009042195,-0.00620505923405279
STR-TCGA-TGEDVDLH.tif,7,STR,5,MUS,gradcam,0.9693456217553467,0.9684659308195115,0.0008796909358351757
STR-TCGA-KNNRTPNN.tif,7,STR,7,STR,gradcam,0.8175044017723849,0.22921690674789716,0.5882874950244877
STR-TCGA-SIGMCKAY.tif,7,STR,7,STR,gradcam,0.9584076478423957,0.9602136363118188,-0.0018059884694230366
STR-TCGA-IVSYTRLM.tif,7,STR,7,STR,gradcam,0.941431480087922,0.9091567866579862,0.03227469342993583
STR-TCGA-YHNEYAGR.tif,7,STR,7,STR,gradcam,0.8557664127022145,0.8863823804171987,-0.030615967714984205
STR-TCGA-QNTSGESV.tif,7,STR,7,STR,gradcam,0.9636078265345713,0.9415353498101467,0.022072476724424583
STR-TCGA-GWGVSHCR.tif,7,STR,7,STR,gradcam,0.9629858592544042,0.9442804422997869,0.01870541695461725
STR-TCGA-HQCTSRAS.tif,7,STR,7,STR,gradcam,0.933455648724048,0.8842520370069542,0.049203611717093754
STR-TCGA-KEYGCNNF.tif,7,STR,7,STR,gradcam,0.8409873969593901,0.9245427500020014,-0.0835553530426113
STR-TCGA-SSGCMSHN.tif,7,STR,7,STR,gradcam,0.897773848516299,0.9092155376897427,-0.011441689173443681
STR-TCGA-PKDLVMSE.tif,7,STR,7,STR,gradcam,0.9536818814034632,0.9391815562837292,0.014500325119733981
STR-TCGA-WERSTCWK.tif,7,STR,7,STR,gradcam,0.2575189949630293,0.5311452369001927,-0.27362624193716334
STR-TCGA-CKNSMRYS.tif,7,STR,7,STR,gradcam,0.6778204910163913,0.8833744912670227,-0.20555400025063142
STR-TCGA-CIEPFVCW.tif,7,STR,7,STR,gradcam,0.8588053187605692,0.874689989911858,-0.015884671151288776
STR-TCGA-VWGHEGND.tif,7,STR,7,STR,gradcam,0.6552504534266335,0.7894813316391082,-0.1342308782124747
STR-TCGA-WEALRAYK.tif,7,STR,7,STR,gradcam,0.9665630864452396,0.9613915640942287,0.0051715223510109265
STR-TCGA-CVVIKMLV.tif,7,STR,7,STR,gradcam,0.6921896615128207,0.8522228979767533,-0.16003323646393264
STR-TCGA-HNCKYNRR.tif,7,STR,7,STR,gradcam,0.9663214133177824,0.9514808559190715,0.01484055739871093
STR-TCGA-QPQVVCTF.tif,7,STR,7,STR,gradcam,0.9416239016409963,0.9359229194896761,0.0057009821513202
STR-TCGA-CFFRRRDK.tif,7,STR,7,STR,gradcam,0.9582560990437924,0.9571003254578682,0.0011557735859242246
STR-TCGA-LSRYLMEY.tif,7,STR,5,MUS,gradcam,0.9071332580968737,0.9229837331362069,-0.015850475039333123
STR-TCGA-DYTTAVER.tif,7,STR,7,STR,gradcam,0.16197994356429263,0.8632330280524912,-0.7012530844881986
STR-TCGA-SGWIFGGL.tif,7,STR,7,STR,gradcam,0.9636006002618523,0.9565226572490064,0.007077943012845922
STR-TCGA-TNGIPEPS.tif,7,STR,5,MUS,gradcam,0.9870914210006594,0.7249039747053756,0.2621874462952838
STR-TCGA-YMTVPLES.tif,7,STR,7,STR,gradcam,0.9570949396710784,0.8958871963943239,0.06120774327675449
STR-TCGA-SFCWMMFP.tif,7,STR,7,STR,gradcam,0.967719699560912,0.9514852027670713,0.016234496793840703
STR-TCGA-WDPTWKRW.tif,7,STR,7,STR,gradcam,0.9574387501981982,0.9488388264441164,0.008599923754081806
STR-TCGA-DKQKMHFW.tif,7,STR,8,TUM,gradcam,0.72538597204486,0.5965413728953173,0.12884459914954272
STR-TCGA-TGSEDAQF.tif,7,STR,7,STR,gradcam,0.8594886586913343,0.8649726164137246,-0.005483957722390298
STR-TCGA-IALGAGVT.tif,7,STR,5,MUS,gradcam,0.852443506270647,0.7748838649364188,0.07755964133422821
STR-TCGA-CIWTQMVS.tif,7,STR,7,STR,gradcam,0.7386867337310832,0.6796589210844832,0.05902781264659995
STR-TCGA-DKGMKKFK.tif,7,STR,7,STR,gradcam,0.9481404303677846,0.957241625933093,-0.009101195565308418
STR-TCGA-AAMALCER.tif,7,STR,7,STR,gradcam,0.9540726698028448,0.9448160778294551,0.009256591973389683
TUM-TCGA-LTVRAWDG.tif,8,TUM,8,TUM,gradcam,0.9491879237454032,0.9324819181082602,0.016706005637142973
TUM-TCGA-ICWMRSLV.tif,8,TUM,8,TUM,gradcam,0.8948605643476321,0.8264340564805208,0.06842650786711124
TUM-TCGA-CITTSMGT.tif,8,TUM,8,TUM,gradcam,0.8387059158295823,0.8643469143324364,-0.025640998502854062
TUM-TCGA-WSRWACVS.tif,8,TUM,8,TUM,gradcam,0.954910321350999,0.9621118480092444,-0.007201526658245472
TUM-TCGA-SWQSYGEH.tif,8,TUM,8,TUM,gradcam,0.7910644834845516,0.855574699125591,-0.06451021564103943
TUM-TCGA-AKGPHFQI.tif,8,TUM,8,TUM,gradcam,0.9668890500967745,0.965729725850997,0.001159324245777471
TUM-TCGA-IFGTYIRN.tif,8,TUM,8,TUM,gradcam,0.9521058384423259,0.8868409374465591,0.06526490099576676
TUM-TCGA-DGNQCDES.tif,8,TUM,8,TUM,gradcam,0.4189656855643306,0.6827946999532468,-0.2638290143889162
TUM-TCGA-NIMPNENM.tif,8,TUM,6,NORM,gradcam,0.2321060861764272,0.910676113952286,-0.6785700277758588
TUM-TCGA-PTQEQDVE.tif,8,TUM,8,TUM,gradcam,0.8983644090424514,0.9590239004716751,-0.060659491429223666
TUM-TCGA-PMYFKEWT.tif,8,TUM,8,TUM,gradcam,0.94657038729119,0.9617829035149952,-0.01521251622380515
TUM-TCGA-PQVKLCAE.tif,8,TUM,8,TUM,gradcam,0.9478181400255152,0.7415261885852851,0.20629195144023016
TUM-TCGA-HVSGFSTE.tif,8,TUM,8,TUM,gradcam,0.9634646749847615,0.8687160015318841,0.09474867345287741
TUM-TCGA-CTDMWPAI.tif,8,TUM,8,TUM,gradcam,0.9215081618663363,0.9593396095585377,-0.03783144769220137
TUM-TCGA-KYVGYMQA.tif,8,TUM,8,TUM,gradcam,0.9005083482841064,0.8693313556435349,0.0311769926405715
TUM-TCGA-LTVMSCCD.tif,8,TUM,8,TUM,gradcam,0.9624262195012669,0.9475918327237196,0.014834386777547337
TUM-TCGA-SKVSRGKK.tif,8,TUM,8,TUM,gradcam,0.9358984573063662,0.9547633429998131,-0.01886488569344691
TUM-TCGA-ICAHYPRN.tif,8,TUM,8,TUM,gradcam,0.9652841180938367,0.9377778423504969,0.02750627574333986
TUM-TCGA-SHKYEPGL.tif,8,TUM,8,TUM,gradcam,0.9656236900092926,0.965526497149276,9.719286001663718e-05
TUM-TCGA-ALWWIRAD.tif,8,TUM,8,TUM,gradcam,0.9656721035967984,0.9653007982130112,0.0003713053837872682
TUM-TCGA-MHYFSERC.tif,8,TUM,8,TUM,gradcam,0.9623971786754602,0.9463609087703116,0.016036269905148504
TUM-TCGA-HHEDDDNG.tif,8,TUM,8,TUM,gradcam,0.9308489673016856,0.959540623110388,-0.028691655808702365
TUM-TCGA-FLLVRVSN.tif,8,TUM,8,TUM,gradcam,0.9544324719672341,0.9601918431325066,-0.0057593711652724755
TUM-TCGA-HWCFKDAG.tif,8,TUM,8,TUM,gradcam,0.9479612684339235,0.9469667594711246,0.0009945089627988457
TUM-TCGA-SKLWPFVG.tif,8,TUM,8,TUM,gradcam,0.6028020049444104,0.07972114828446138,0.523080856659949
TUM-TCGA-CHCPSNDQ.tif,8,TUM,8,TUM,gradcam,0.9497287833186236,0.9578432248020727,-0.008114441483449086
TUM-TCGA-LDDYLHDK.tif,8,TUM,8,TUM,gradcam,0.9498741109021103,0.9474801671535716,0.0023939437485386295
TUM-TCGA-WEACREVW.tif,8,TUM,8,TUM,gradcam,0.7676752569553128,0.9600006007543015,-0.1923253437989887
TUM-TCGA-MRMLKFGK.tif,8,TUM,8,TUM,gradcam,0.9489062499354441,0.8569322558879684,0.09197399404747575
TUM-TCGA-SMLWCMRR.tif,8,TUM,8,TUM,gradcam,0.93987042758823,0.948021669877653,-0.008151242289422989
TUM-TCGA-LNPRIIWD.tif,8,TUM,8,TUM,gradcam,0.9654473287461769,0.9480509560869722,0.017396372659204684
TUM-TCGA-FYRREINM.tif,8,TUM,8,TUM,gradcam,0.9036729012645947,0.9558741865860246,-0.05220128532142998
TUM-TCGA-WRSKKYNS.tif,8,TUM,8,TUM,gradcam,0.9627151290769417,0.9644411639671489,-0.0017260348902071732
TUM-TCGA-YQQCHQDQ.tif,8,TUM,8,TUM,gradcam,0.9662218336139767,0.952941879455775,0.013279954158201712
TUM-TCGA-FYPDRHKE.tif,8,TUM,8,TUM,gradcam,0.9672094084702711,0.9072072592604855,0.06000214920978564
TUM-TCGA-IMWFDGEC.tif,8,TUM,8,TUM,gradcam,0.9440449247421293,0.8405701464085905,0.1034747783335388
TUM-TCGA-IHWHGVAH.tif,8,TUM,8,TUM,gradcam,0.9631363481927884,0.9646114549014783,-0.0014751067086898884
TUM-TCGA-RSRIIWMR.tif,8,TUM,8,TUM,gradcam,0.905796385662552,0.9502485713325041,-0.044452185669952016
TUM-TCGA-FNDYYRLP.tif,8,TUM,8,TUM,gradcam,0.9500326558728012,0.9448777130240523,0.005154942848748845
TUM-TCGA-NESHKSHR.tif,8,TUM,8,TUM,gradcam,0.8551646258110213,0.9556747918765359,-0.10051016606551466
TUM-TCGA-IVQQVWHQ.tif,8,TUM,8,TUM,gradcam,0.9392924468579213,0.9412078597277469,-0.0019154128698255501
TUM-TCGA-KFTNHWTG.tif,8,TUM,8,TUM,gradcam,0.9276198292933169,0.8861342710939244,0.04148555819939248
TUM-TCGA-WKNQSFRR.tif,8,TUM,8,TUM,gradcam,0.9539176165316576,0.9518115853380187,0.0021060311936389464
TUM-TCGA-RNHQAAKW.tif,8,TUM,8,TUM,gradcam,0.9257694168202352,0.9593803528216268,-0.033610936001391645
TUM-TCGA-TPRWQIFM.tif,8,TUM,8,TUM,gradcam,0.9572114173267708,0.9630126826351806,-0.005801265308409742
TUM-TCGA-WCFYDRYL.tif,8,TUM,8,TUM,gradcam,0.9677857568681612,0.9421910526801548,0.025594704188006356
TUM-TCGA-GQVRHEHI.tif,8,TUM,8,TUM,gradcam,0.9555536460484699,0.9598059869749886,-0.004252340926518716
TUM-TCGA-GVIPWAYQ.tif,8,TUM,8,TUM,gradcam,0.935427010553276,0.9462167101213891,-0.010789699568113043
TUM-TCGA-YQVQDQKV.tif,8,TUM,8,TUM,gradcam,0.94852235127712,0.9260244118703304,0.02249793940678968
TUM-TCGA-ECEEQIEN.tif,8,TUM,8,TUM,gradcam,0.9648372620128566,0.9481517957223878,0.016685466290468742
